occlusion_level,keypoint,precision,recall,f1_score
level 1,0.0,0.9967614249730119,0.9261116683383483,0.9601386481802426
level 1,1.0,0.9949622166246851,0.9259879437374414,0.9592367736339982
level 1,2.0,0.9715725080964376,0.9243409791167408,0.9473684210526315
level 1,3.0,0.9614969413458079,0.9236087106809541,0.9421720733427362
level 1,4.0,0.9435048578625405,0.9222652128033767,0.9327641408751334
level 1,5.0,0.9942425332853544,0.9259383378016086,0.9588755856324831
level 1,6.0,0.9852464915437208,0.9253126056100034,0.9543394911118857
level 1,7.0,0.9805685498380713,0.9249830278343517,0.9519650655021835
level 1,8.0,0.9733717164447643,0.9244702665755298,0.9482909728308501
level 1,9.0,1.0,0.9263333333333333,0.9617580896348848
level 1,10.0,0.9992803166606693,0.9262841894596398,0.9613986498182447
level 1,11.0,0.9964015833033465,0.9260869565217391,0.9599583983359335
level 1,12.0,0.9881252249010435,0.9255139871924503,0.9557953358858337
level 1,13.0,0.9974811083123426,0.9261610424323421,0.9604989604989604
level 1,14.0,0.9974811083123426,0.9261610424323421,0.9604989604989604
level 1,15.0,0.9888449082403742,0.9255641630178512,0.9561586638830898
level 1,16.0,0.9798488664987406,0.9249320652173914,0.9515988118119868
level 1,17.0,0.9841669665347247,0.9252368064952639,0.9537925021795989
level 1,18.0,0.9737315581144297,0.9244960710625214,0.9484752891692956
level 1,19.0,0.9618567830154732,0.9236351071181755,0.9423585404547858
level 1,20.0,0.9510615329255128,0.9228351955307262,0.936735778841042
level 2,0.0,0.9959795321637427,0.9116761458681834,0.9519650655021834
level 2,1.0,0.9941520467836257,0.9115281501340483,0.951048951048951
level 2,2.0,0.9703947368421053,0.9095580678314491,0.9389920424403183
level 2,3.0,0.9586988304093568,0.9085555940422584,0.9329539391783745
level 2,4.0,0.9422514619883041,0.9071076706544687,0.9243456435998566
level 2,5.0,0.9941520467836257,0.9115281501340483,0.951048951048951
level 2,6.0,0.9846491228070176,0.9107505070993914,0.9462592202318229
level 2,7.0,0.9791666666666666,0.910295616717635,0.9434759640781827
level 2,8.0,0.972953216374269,0.9097744360902256,0.9403037795831862
level 2,9.0,0.9996345029239766,0.9119706568856285,0.953792502179599
level 2,10.0,0.9992690058479532,0.9119412941961308,0.9536100453435647
level 2,11.0,0.9970760233918129,0.9117647058823529,0.952513966480447
level 2,12.0,0.9904970760233918,0.9112306657700068,0.9492119089316988
level 2,13.0,1.0,0.912,0.9539748953974896
level 2,14.0,0.998172514619883,0.9118530884808014,0.9530622927935788
level 2,15.0,0.9894005847953217,0.9111410299562437,0.9486595409146663
level 2,16.0,0.9802631578947368,0.9103869653767821,0.9440337909186906
level 2,17.0,0.9839181286549707,0.9106901217861976,0.9458889669711876
level 2,18.0,0.9762426900584795,0.9100511073253833,0.9419855404690531
level 2,19.0,0.9649122807017544,0.9090909090909091,0.9361702127659574
level 2,20.0,0.9568713450292398,0.9083969465648855,0.932004271982912
level 3,0.0,0.9770873786407767,0.8554913294797688,0.9122552574329224
level 3,1.0,0.9879611650485437,0.8568541596497137,0.9177489177489179
level 3,2.0,0.9580582524271845,0.853042876901798,0.9025059447594659
level 3,3.0,0.949126213592233,0.8518647612408504,0.8978692138133725
level 3,4.0,0.9285436893203883,0.8490767045454546,0.8870339454646634
level 3,5.0,0.9906796116504855,0.8571908602150538,0.9191136732120339
level 3,6.0,0.9766990291262136,0.8554421768707483,0.9120580235720761
level 3,7.0,0.9704854368932039,0.8546511627906976,0.9088925259138024
level 3,8.0,0.9576699029126213,0.8529920442753373,0.9023051591657519
level 3,9.0,0.9984466019417476,0.8581441922563418,0.9229940764674207
level 3,10.0,0.9984466019417476,0.8581441922563418,0.9229940764674207
level 3,11.0,0.9957281553398059,0.8578119772499163,0.9216391085549965
level 3,12.0,0.9871844660194175,0.856757667677789,0.9173583543846987
level 3,13.0,0.9980582524271845,0.8580968280467446,0.9228007181328546
level 3,14.0,0.9957281553398059,0.8578119772499163,0.9216391085549965
level 3,15.0,0.98873786407767,0.856950521709862,0.9181391994230076
level 3,16.0,0.9770873786407767,0.8554913294797688,0.9122552574329224
level 3,17.0,0.974757281553398,0.8551959114139693,0.911070780399274
level 3,18.0,0.9646601941747572,0.8539016844276384,0.9059080962800875
level 3,19.0,0.9580582524271845,0.853042876901798,0.9025059447594659
level 3,20.0,0.9487378640776699,0.851813110181311,0.897666727907404
level 4,0.0,0.9511201629327902,0.8107638888888888,0.8753514526710402
level 4,1.0,0.9694501018329938,0.8136752136752137,0.8847583643122676
level 4,2.0,0.9283095723014256,0.8070113314447592,0.8634211024815307
level 4,3.0,0.914867617107943,0.8047294876388391,0.8562714449104079
level 4,4.0,0.8676171079429735,0.7962616822429907,0.8304093567251463
level 4,5.0,0.9845213849287169,0.8160027008777853,0.8923758537936127
level 4,6.0,0.9694501018329938,0.8136752136752137,0.8847583643122676
level 4,7.0,0.9556008146639511,0.8114839156001383,0.877665544332211
level 4,8.0,0.9421588594704684,0.8093072078376488,0.870694522868436
level 4,9.0,0.9971486761710794,0.8179084530571333,0.8986784140969163
level 4,10.0,0.9975560081466395,0.8179692718770875,0.8988805285373463
level 4,11.0,0.9951120162932791,0.8176037483266398,0.897666727907404
level 4,12.0,0.9857433808553971,0.8161888701517707,0.8929889298892989
level 4,13.0,0.9975560081466395,0.8179692718770875,0.8988805285373463
level 4,14.0,0.9967413441955193,0.8178475935828877,0.8984762254451992
level 4,15.0,0.990224032586558,0.8168682795698925,0.8952310808322592
level 4,16.0,0.9735234215885947,0.8143100511073254,0.8868274582560296
level 4,17.0,0.9686354378818737,0.8135477249401301,0.8843436221643733
level 4,18.0,0.9531568228105907,0.8110918544194108,0.8764044943820225
level 4,19.0,0.9425661914460285,0.8093739069604757,0.8709070380127965
level 4,20.0,0.9274949083503055,0.8068745570517364,0.8629903354178511
level 5,0.0,0.9455875628715135,0.7178063172509546,0.8161010260457775
level 5,1.0,0.9428440786465477,0.7172173913043478,0.814697747925721
level 5,2.0,0.8513946044810242,0.6960747663551402,0.7659399424105306
level 5,3.0,0.8052126200274349,0.6841491841491841,0.739760554505356
level 5,4.0,0.6748971193415638,0.6448230668414154,0.6595174262734584
level 5,5.0,0.9679926840420667,0.7225255972696246,0.8274379519249562
level 5,6.0,0.9433013260173754,0.7173157162726008,0.8149318585818685
level 5,7.0,0.928212162780064,0.7140344706296166,0.8071570576540754
level 5,8.0,0.9053497942386831,0.7089151450053706,0.7951807228915664
level 5,9.0,0.9954275262917238,0.7280936454849498,0.8410276221750048
level 5,10.0,0.9958847736625515,0.728184553660983,0.8412514484356894
level 5,11.0,0.9908550525834476,0.7271812080536912,0.8387845945422876
level 5,12.0,0.9775948788294467,0.7245001694340901,0.8322304398598677
level 5,13.0,0.9949702789208962,0.7280026764804283,0.8408037094281298
level 5,14.0,0.9926840420667581,0.7275469168900804,0.8396828466447496
level 5,15.0,0.984453589391861,0.7258934592043156,0.8356297302542209
level 5,16.0,0.9643347050754458,0.7217659137577002,0.8256018790369936
level 5,17.0,0.9469593049839964,0.7180998613037448,0.8168014198382962
level 5,18.0,0.9172382258802012,0.7115998581057112,0.8014382740711147
level 5,19.0,0.8984910836762688,0.7073434125269978,0.7915407854984895
level 5,20.0,0.8843164151806127,0.7040407717510011,0.7839481151195785
level 6,0.0,0.9255102040816326,0.6355991590749824,0.7536352305774824
level 6,1.0,0.8969387755102041,0.6283059328091494,0.7389659520807061
level 6,2.0,0.7397959183673469,0.5823293172690763,0.651685393258427
level 6,3.0,0.6729591836734694,0.5591352267910131,0.6107895346144941
level 6,4.0,0.5362244897959184,0.5026303204208513,0.5188842261170081
level 6,5.0,0.948469387755102,0.6412556053811659,0.765178020168759
level 6,6.0,0.9224489795918367,0.6348314606741573,0.7520798668885192
level 6,7.0,0.9051020408163265,0.6304193319118693,0.7431922915793884
level 6,8.0,0.875,0.6225045372050817,0.7274655355249205
level 6,9.0,0.9928571428571429,0.651707970529136,0.7868985038414882
level 6,10.0,0.9954081632653061,0.6522902039451688,0.788123611391638
level 6,11.0,0.9892857142857143,0.6508895602551191,0.7851791860700547
level 6,12.0,0.9693877551020408,0.6462585034013606,0.7755102040816327
level 6,13.0,0.9943877551020408,0.652057544329207,0.787633865427359
level 6,14.0,0.9923469387755102,0.6515912897822446,0.7866531850353893
level 6,15.0,0.9806122448979592,0.6488858879135719,0.7809833401056482
level 6,16.0,0.960204081632653,0.6440793976728268,0.7709954936501434
level 6,17.0,0.9357142857142857,0.6381350034794712,0.7587918907736864
level 6,18.0,0.888265306122449,0.6260338007910824,0.7344442100822611
level 6,19.0,0.8678571428571429,0.620576431959139,0.7236758136566689
level 6,20.0,0.851530612244898,0.6160944998154301,0.714928250160634
level 7,0.0,0.929510155316607,0.5399028452463567,0.6830553116769096
level 7,1.0,0.8769414575866189,0.525411596277738,0.657117278424351
level 7,2.0,0.6935483870967742,0.46682750301568154,0.5580389329488104
level 7,3.0,0.600358422939068,0.43114543114543114,0.50187265917603
level 7,4.0,0.48566308243727596,0.3800841514726508,0.4264358772619984
level 7,5.0,0.929510155316607,0.5399028452463567,0.6830553116769096
level 7,6.0,0.8918757467144564,0.5296204327775808,0.6645893612285778
level 7,7.0,0.8715651135005974,0.5238779174147217,0.6544068176721238
level 7,8.0,0.8369175627240143,0.5137513751375138,0.6366734832992501
level 7,9.0,0.9886499402628435,0.5551828245555183,0.7110633727175081
level 7,10.0,0.9904420549581839,0.5556300268096515,0.7118935165306999
level 7,11.0,0.982078853046595,0.5535353535353535,0.7080103359173127
level 7,12.0,0.9611708482676224,0.5482112436115844,0.6981991755261444
level 7,13.0,0.9922341696535245,0.5560763307666555,0.7127225917185154
level 7,14.0,0.9910394265232975,0.5557788944723618,0.7121699935608499
level 7,15.0,0.980884109916368,0.5532345013477089,0.7074536837570014
level 7,16.0,0.956989247311828,0.5471311475409836,0.696219035202086
level 7,17.0,0.9289127837514934,0.5397431447414093,0.6827661909989023
level 7,18.0,0.8805256869772998,0.5264285714285715,0.6589181940098346
level 7,19.0,0.8524492234169654,0.518343625136215,0.644680370454032
level 7,20.0,0.8333333333333334,0.5126791620727673,0.6348122866894198
level 8,0.0,0.9334733893557423,0.45886402753872635,0.615278098315255
level 8,1.0,0.8676470588235294,0.4407684098185699,0.5845718329794762
level 8,2.0,0.6624649859943977,0.37569499602859413,0.4794728839330968
level 8,3.0,0.5651260504201681,0.33921815889029006,0.42395587076438146
level 8,4.0,0.4495798319327731,0.2899728997289973,0.35255354200988465
level 8,5.0,0.9089635854341737,0.4522648083623693,0.6040018613308515
level 8,6.0,0.8697478991596639,0.44136460554371004,0.5855728429985857
level 8,7.0,0.8445378151260504,0.43412526997840173,0.5734664764621968
level 8,8.0,0.7990196078431373,0.42056763730187985,0.5510746196570877
level 8,9.0,0.9838935574229691,0.47195162915686933,0.6379114642451759
level 8,10.0,0.9866946778711485,0.47266018114726605,0.6391471989113179
level 8,11.0,0.9740896358543417,0.4694566317921026,0.6335686631746755
level 8,12.0,0.9516806722689075,0.46366427840327534,0.6235375086028906
level 8,13.0,0.9901960784313726,0.4735432016075017,0.6406887177163572
level 8,14.0,0.9908963585434174,0.4737194509541346,0.6409966024915063
level 8,15.0,0.9831932773109243,0.4717741935483871,0.6376021798365122
level 8,16.0,0.9565826330532213,0.4649421375085092,0.6257443884562529
level 8,17.0,0.9390756302521008,0.4603501544799176,0.61782999308915
level 8,18.0,0.8830532212885154,0.44511118955171197,0.5918798404130485
level 8,19.0,0.842436974789916,0.4335135135135135,0.5724482512491077
level 8,20.0,0.8256302521008403,0.42857142857142855,0.5642498205312275
level 9,0.0,0.9319455564451561,0.39931389365351627,0.5590778097982709
level 9,1.0,0.8350680544435548,0.37329992841803866,0.5159534998763294
level 9,2.0,0.6020816653322658,0.3004394726328406,0.4008528784648188
level 9,3.0,0.533226581265012,0.2755482002482416,0.3633387888707038
level 9,4.0,0.42033626901521215,0.23066783831282953,0.2978723404255319
level 9,5.0,0.8606885508406725,0.38039631988676575,0.5276073619631901
level 9,6.0,0.8102481985588471,0.36626854867897213,0.5044865403788634
level 9,7.0,0.7710168134507606,0.3548268238761975,0.48599545798637395
level 9,8.0,0.7189751801441153,0.33899584748961875,0.4607491021036429
level 9,9.0,0.9743795036028823,0.41004043126684636,0.5771875741048139
level 9,10.0,0.9687750200160128,0.40864572779466396,0.5748218527315914
level 9,11.0,0.9575660528422738,0.40583644384119444,0.5700667302192564
level 9,12.0,0.9183346677341874,0.39579020013802624,0.5531709669640704
level 9,13.0,0.9823859087269816,0.4120214909335124,0.5805535841022001
level 9,14.0,0.977582065652522,0.4108344549125168,0.5785358919687278
level 9,15.0,0.9599679743795037,0.40644067796610167,0.5710883543700881
level 9,16.0,0.9319455564451561,0.39931389365351627,0.5590778097982709
level 9,17.0,0.9295436349079264,0.39869505494505497,0.5580389329488105
level 9,18.0,0.8590872698158527,0.379957507082153,0.5268843604222931
level 9,19.0,0.8166533226581265,0.36809815950920244,0.5074626865671642
level 9,20.0,0.7806244995996797,0.35766691122523847,0.49056603773584906
level 10,0.0,0.9260832625318607,0.37418468932372123,0.5330073349633252
level 10,1.0,0.806287170773152,0.34235209235209235,0.4806280070904026
level 10,2.0,0.5845369583687341,0.27399442453205897,0.3731019522776573
level 10,3.0,0.5225148683092609,0.25225594749794916,0.3402489626556017
level 10,4.0,0.3976210705182668,0.20427760803142733,0.2698961937716263
level 10,5.0,0.8436703483432455,0.3526278409090909,0.4973703981968445
level 10,6.0,0.7884451996601529,0.3373318793166121,0.47250509164969456
level 10,7.0,0.7510620220900595,0.3265607683782785,0.4552008238928939
level 10,8.0,0.6898895497026338,0.3081593927893738,0.42602308499475344
level 10,9.0,0.9728122344944775,0.38578167115902967,0.5524728588661038
level 10,10.0,0.9660152931180969,0.3841216216216216,0.5496736765772299
level 10,11.0,0.9524214103653356,0.38077445652173914,0.544042708080563
level 10,12.0,0.9124893797790994,0.37072833966171903,0.5272459499263623
level 10,13.0,0.9804587935429057,0.38763856231105137,0.5556090515166104
level 10,14.0,0.9753610875106202,0.38640188488724336,0.553519768563163
level 10,15.0,0.9617672047578589,0.38307952622673436,0.5479186834462729
level 10,16.0,0.9277824978759558,0.37461406518010293,0.533724340175953
level 10,17.0,0.9269328802039083,0.3743994509265614,0.5333659252016623
level 10,18.0,0.848768054375531,0.354004252303331,0.49962490622655664
level 10,19.0,0.800339847068819,0.3406871609403255,0.4779299847792999
level 10,20.0,0.7706032285471538,0.3322344322344322,0.46429485538776555
level 11,0.0,0.9335205992509363,0.3403892113349266,0.49887415561671256
level 11,1.0,0.8108614232209738,0.30950679056468905,0.44800827728918785
level 11,2.0,0.5730337078651685,0.24056603773584906,0.3388704318936877
level 11,3.0,0.5168539325842697,0.2222222222222222,0.3108108108108108
level 11,4.0,0.397940074906367,0.18031395842172254,0.24817518248175185
level 11,5.0,0.8211610486891385,0.31221075115699537,0.4524116584988393
level 11,6.0,0.7584269662921348,0.29540481400437635,0.4251968503937008
level 11,7.0,0.7191011235955056,0.28444444444444444,0.4076433121019108
level 11,8.0,0.6610486891385767,0.2676269901440485,0.38100377765785215
level 11,9.0,0.9616104868913857,0.3470767151064549,0.5100571144772783
level 11,10.0,0.9559925093632958,0.3457500846596681,0.5078338721711018
level 11,11.0,0.9410112359550562,0.3421859039836568,0.50187265917603
level 11,12.0,0.8941947565543071,0.3307932109456183,0.4829329962073325
level 11,13.0,0.9728464419475655,0.3497139010434197,0.5144837831146324
level 11,14.0,0.9662921348314607,0.3481781376518219,0.5119047619047619
level 11,15.0,0.9569288389513109,0.3459715639810427,0.5082048731974143
level 11,16.0,0.9147940074906367,0.3358542454451702,0.4913251194367613
level 11,17.0,0.9185393258426966,0.3367662203913491,0.4928409947249435
level 11,18.0,0.8342696629213483,0.31562167906482463,0.45797995373939854
level 11,19.0,0.7799625468164794,0.3012658227848101,0.43464649099921737
level 11,20.0,0.7490636704119851,0.29282576866764276,0.4210526315789474
level 12,0.0,0.9470198675496688,0.29065040650406504,0.44479004665629857
level 12,1.0,0.8156732891832229,0.260854218143311,0.3952928590532228
level 12,2.0,0.5529801324503312,0.1930635838150289,0.286203941730934
level 12,3.0,0.5033112582781457,0.17882352941176471,0.2638888888888889
level 12,4.0,0.38741721854304634,0.14355828220858896,0.20948970456580127
level 12,5.0,0.7902869757174393,0.25480427046263343,0.38536060279870826
level 12,6.0,0.7141280353200883,0.2360452389638818,0.3548121743899095
level 12,7.0,0.673289183222958,0.22559171597633135,0.3379501385041551
level 12,8.0,0.6225165562913907,0.21218961625282168,0.3164983164983165
level 12,9.0,0.9470198675496688,0.29065040650406504,0.44479004665629857
level 12,10.0,0.9381898454746137,0.28872282608695654,0.4415584415584416
level 12,11.0,0.9227373068432672,0.28532423208191127,0.43587069864442124
level 12,12.0,0.8664459161147903,0.2726641194859326,0.4147952443857331
level 12,13.0,0.9613686534216336,0.29376053962900506,0.45001291655902864
level 12,14.0,0.9547461368653422,0.29232848935451167,0.4476067270375162
level 12,15.0,0.9403973509933775,0.2892057026476578,0.44236760124610586
level 12,16.0,0.8830022075055187,0.27643400138217,0.42105263157894735
level 12,17.0,0.9028697571743929,0.2809065934065934,0.42849659507595594
level 12,18.0,0.8145695364238411,0.2605932203389831,0.3948635634028893
level 12,19.0,0.7549668874172185,0.24622030237580994,0.3713355048859935
level 12,20.0,0.7152317880794702,0.2363238512035011,0.3552631578947369
level 13,0.0,0.9550561797752809,0.22911051212938005,0.3695652173913043
level 13,1.0,0.8047752808988764,0.20027962250961204,0.32073887489504627
level 13,2.0,0.550561797752809,0.14626865671641792,0.23113207547169812
level 13,3.0,0.4943820224719101,0.13333333333333333,0.2100238663484487
level 13,4.0,0.3806179775280899,0.10590074247753029,0.1656985631305411
level 13,5.0,0.7485955056179775,0.1889400921658986,0.3017265779790546
level 13,6.0,0.6587078651685393,0.17011244105912224,0.27039492649178437
level 13,7.0,0.6278089887640449,0.16343692870201096,0.25935596170583114
level 13,8.0,0.5589887640449438,0.14817572598659717,0.23425544437904647
level 13,9.0,0.9157303370786517,0.2217687074829932,0.3570646221248631
level 13,10.0,0.9044943820224719,0.21964529331514324,0.35345773874862785
level 13,11.0,0.8862359550561798,0.21616992120589243,0.3475626549160011
level 13,12.0,0.8230337078651685,0.20389700765483645,0.32682654768544334
level 13,13.0,0.9424157303370787,0.22676579925650558,0.3655679651321166
level 13,14.0,0.9311797752808989,0.22466960352422907,0.361998361998362
level 13,15.0,0.9101123595505618,0.22070844686648503,0.35526315789473684
level 13,16.0,0.8469101123595506,0.20857834659287444,0.33472106577851796
level 13,17.0,0.8721910112359551,0.2134754211069096,0.34299917149958575
level 13,18.0,0.773876404494382,0.19408242338851708,0.31033511686848775
level 13,19.0,0.7064606741573034,0.1802221426012182,0.28718241507279474
level 13,20.0,0.6558988764044944,0.1695099818511797,0.2693971733487165
level 14,0.0,0.9507042253521126,0.1816958277254374,0.3050847457627119
level 14,1.0,0.7816901408450704,0.15438108484005564,0.2578397212543554
level 14,2.0,0.5052816901408451,0.10555351232070614,0.1746273197444478
level 14,3.0,0.4612676056338028,0.09725315515961395,0.16063764561618638
level 14,4.0,0.3397887323943662,0.07352380952380952,0.12088944566238646
level 14,5.0,0.7112676056338029,0.14245416078984485,0.23736780258519388
level 14,6.0,0.6161971830985915,0.12580877066858376,0.20895522388059704
level 14,7.0,0.5862676056338029,0.12043399638336347,0.1998199819981998
level 14,8.0,0.5088028169014085,0.10621095185593532,0.17573730617208877
level 14,9.0,0.8873239436619719,0.17166212534059946,0.2876712328767123
level 14,10.0,0.8785211267605634,0.1702490617536677,0.2852243498142326
level 14,11.0,0.8503521126760564,0.16569468267581475,0.2773471145564169
level 14,12.0,0.7764084507042254,0.15349808562478245,0.2563208369659983
level 14,13.0,0.926056338028169,0.17782285327924274,0.29835507657402155
level 14,14.0,0.9119718309859155,0.17559322033898306,0.29448550312677657
level 14,15.0,0.8820422535211268,0.1708148653256052,0.28620394173093405
level 14,16.0,0.8116197183098591,0.15935015554787418,0.2663969950881248
level 14,17.0,0.8573943661971831,0.1668379582048647,0.2793232004588471
level 14,18.0,0.7746478873239436,0.1532033426183844,0.25581395348837205
level 14,19.0,0.6883802816901409,0.13850513637973788,0.23061043939840756
level 14,20.0,0.6320422535211268,0.12862773199570046,0.21375409348020244
level 15,0.0,0.9412915851272016,0.16195286195286196,0.27635736857224935
level 15,1.0,0.7690802348336595,0.13636363636363635,0.23165340406719714
level 15,2.0,0.5146771037181996,0.09556686046511628,0.16120134845234446
level 15,3.0,0.4637964774951076,0.08694057226705797,0.14643188137164043
level 15,4.0,0.3268101761252446,0.06287650602409639,0.10546258288601201
level 15,5.0,0.6947162426614482,0.12482419127988749,0.21162444113263784
level 15,6.0,0.6223091976516634,0.11328820805130033,0.19168173598553348
level 15,7.0,0.598825831702544,0.10948121645796065,0.1851179673321234
level 15,8.0,0.512720156555773,0.09523809523809523,0.16063764561618638
level 15,9.0,0.87279843444227,0.15195911413969335,0.2588508415554266
level 15,10.0,0.8590998043052838,0.14993169398907105,0.2553067752253562
level 15,11.0,0.8297455968688845,0.14555441125986954,0.24766355140186913
level 15,12.0,0.7455968688845401,0.13275261324041812,0.22537710736468503
level 15,13.0,0.9178082191780822,0.15855307640297497,0.27039492649178437
level 15,14.0,0.9041095890410958,0.15655709928837683,0.2668977469670711
level 15,15.0,0.8669275929549902,0.15109140518417463,0.2573337205925066
level 15,16.0,0.786692759295499,0.1390522310619163,0.236331569664903
level 15,17.0,0.8532289628180039,0.14905982905982906,0.25378346915017463
level 15,18.0,0.7729941291585127,0.1369625520110957,0.23269513991163474
level 15,19.0,0.6927592954990215,0.12451635596201197,0.21109123434704832
level 15,20.0,0.6281800391389433,0.11423487544483986,0.1933152664859982
level 16,0.0,0.9463869463869464,0.1363789049378569,0.2384028185554903
level 16,1.0,0.7785547785547785,0.11497418244406196,0.20035992801439712
level 16,2.0,0.5174825174825175,0.079484425349087,0.13780260707635011
level 16,3.0,0.4731934731934732,0.07317952415284787,0.1267561660942866
level 16,4.0,0.34965034965034963,0.05512679162072767,0.09523809523809523
level 16,5.0,0.675990675990676,0.10136315973435861,0.1762917933130699
level 16,6.0,0.627039627039627,0.09471830985915493,0.16457632303456715
level 16,7.0,0.6083916083916084,0.09216101694915255,0.16007359705611776
level 16,8.0,0.4965034965034965,0.07650862068965517,0.1325863678804855
level 16,9.0,0.8508158508158508,0.12431880108991826,0.21693907875185736
level 16,10.0,0.8344988344988346,0.12222601570501877,0.21322215604526504
level 16,11.0,0.7948717948717948,0.11710164835164835,0.2041304998503442
level 16,12.0,0.6946386946386947,0.10386894388288602,0.18071558520315342
level 16,13.0,0.8974358974358975,0.13024357239512854,0.22747415066469717
level 16,14.0,0.8834498834498834,0.12847457627118644,0.22432672388280556
level 16,15.0,0.8344988344988346,0.12222601570501877,0.21322215604526504
level 16,16.0,0.7435897435897436,0.11038062283737024,0.1922265742693582
level 16,17.0,0.8158508158508159,0.11982197877439234,0.208955223880597
level 16,18.0,0.7389277389277389,0.1097645429362881,0.19113656918902622
level 16,19.0,0.6573426573426573,0.09884332281808622,0.1718464351005484
level 16,20.0,0.6013986013986014,0.0911983032873807,0.15837937384898712
level 17,0.0,0.9417989417989417,0.11954331766286098,0.21215733015494637
level 17,1.0,0.7619047619047619,0.09896907216494845,0.17518248175182483
level 17,2.0,0.5238095238095238,0.07021276595744681,0.12382739212007506
level 17,3.0,0.4656084656084656,0.06290207290922087,0.11083123425692694
level 17,4.0,0.3492063492063492,0.04793028322440087,0.0842911877394636
level 17,5.0,0.6878306878306878,0.09021512838306732,0.15950920245398773
level 17,6.0,0.6296296296296297,0.08321678321678322,0.14700432365657812
level 17,7.0,0.5978835978835979,0.07935393258426966,0.14011159330440173
level 17,8.0,0.49206349206349204,0.06623931623931624,0.1167608286252354
level 17,9.0,0.828042328042328,0.10664395229982965,0.1889526109266526
level 17,10.0,0.8068783068783069,0.104202254868466,0.18456883509833585
level 17,11.0,0.7645502645502645,0.09927859841978702,0.1757373061720888
level 17,12.0,0.6322751322751323,0.0835372247465921,0.14757641247298547
level 17,13.0,0.8650793650793651,0.11088504577822991,0.19657348963029758
level 17,14.0,0.8492063492063492,0.109072375127421,0.19331526648599823
level 17,15.0,0.8042328042328042,0.1038961038961039,0.1840193704600484
level 17,16.0,0.6798941798941799,0.089267106634248,0.15781393920786
level 17,17.0,0.7751322751322751,0.10051457975986278,0.1779532341330094
level 17,18.0,0.7063492063492064,0.09241952232606439,0.16345270890725438
level 17,19.0,0.6216931216931217,0.08225411270563528,0.14528593508500773
level 17,20.0,0.5687830687830688,0.07578427916813535,0.13374805598755832
level 18,0.0,0.920704845814978,0.07008718980549966,0.13025864755375507
level 18,1.0,0.7224669603524229,0.055839291794347976,0.10366624525916561
level 18,2.0,0.5726872246696035,0.04478126076472615,0.0830670926517572
level 18,3.0,0.5418502202643172,0.04247237569060774,0.07877041306436121
level 18,4.0,0.44052863436123346,0.03480682213713888,0.06451612903225806
level 18,5.0,0.6475770925110133,0.05034246575342466,0.09342230695900858
level 18,6.0,0.6255506607929515,0.048713550600343054,0.0903882877148313
level 18,7.0,0.5903083700440529,0.04609563123495012,0.08551372048500319
level 18,8.0,0.44493392070484583,0.03514265831593598,0.06514027732989358
level 18,9.0,0.7004405286343612,0.05422919508867667,0.10066476733143401
level 18,10.0,0.6784140969162996,0.05261359754014349,0.09765377298668358
level 18,11.0,0.6299559471365639,0.049039780521262004,0.09099586382437162
level 18,12.0,0.4713656387665198,0.03715277777777778,0.06887672996459607
level 18,13.0,0.7533039647577092,0.058084239130434784,0.10785241248817408
level 18,14.0,0.7268722466960352,0.05616065350578625,0.10426540284360189
level 18,15.0,0.6784140969162996,0.05261359754014349,0.09765377298668358
level 18,16.0,0.5418502202643172,0.04247237569060774,0.07877041306436121
level 18,17.0,0.6740088105726872,0.052289815447710185,0.09705042816365367
level 18,18.0,0.6211453744493393,0.04838709677419355,0.0897803247373448
level 18,19.0,0.5814977973568282,0.045438898450946646,0.0842911877394636
level 18,20.0,0.5022026431718062,0.03948735711811569,0.07321772639691715
level 19,0.0,0.9150943396226415,0.06505700871898056,0.12147777082028804
level 19,1.0,0.7216981132075472,0.05202312138728324,0.09705042816365367
level 19,2.0,0.5849056603773585,0.042582417582417584,0.07938540332906531
level 19,3.0,0.5471698113207547,0.03994490358126722,0.07445442875481387
level 19,4.0,0.42452830188679247,0.03127171646977067,0.058252427184466014
level 19,5.0,0.6320754716981132,0.0458590006844627,0.08551372048500319
level 19,6.0,0.5943396226415094,0.043239533287577216,0.08061420345489444
level 19,7.0,0.589622641509434,0.04291108822519739,0.08
level 19,8.0,0.42924528301886794,0.03160819729072595,0.05888062115820123
level 19,9.0,0.6792452830188679,0.04911323328785812,0.09160305343511452
level 19,10.0,0.6367924528301887,0.046185425932261374,0.08612440191387559
level 19,11.0,0.5801886792452831,0.04225352112676056,0.0787704130643612
level 19,12.0,0.4386792452830189,0.032280458174245054,0.06013579049466537
level 19,13.0,0.7122641509433962,0.051378019734603604,0.09584258965407806
level 19,14.0,0.6792452830188679,0.04911323328785812,0.09160305343511452
level 19,15.0,0.6415094339622641,0.046511627906976744,0.08673469387755102
level 19,16.0,0.5,0.036627505183137524,0.06825499034127495
level 19,17.0,0.6650943396226415,0.04813929668828952,0.08978032473734479
level 19,18.0,0.6084905660377359,0.04422351731230716,0.08245445829338448
level 19,19.0,0.5707547169811321,0.041595049845307666,0.07753925024030758
level 19,20.0,0.49056603773584906,0.035961272475795295,0.06701030927835051
level 20,0.0,0.9158415841584159,0.062018102581294,0.11616954474097331
level 20,1.0,0.7425742574257426,0.05088195386702849,0.09523809523809523
level 20,2.0,0.6089108910891089,0.0421088668264293,0.07877041306436118
level 20,3.0,0.5693069306930693,0.0394782011671816,0.0738362760834671
level 20,4.0,0.4306930693069307,0.030155979202772965,0.056365403304178816
level 20,5.0,0.6336633663366337,0.043745727956254275,0.08184143222506395
level 20,6.0,0.599009900990099,0.04145255224391915,0.0775392502403076
level 20,7.0,0.594059405940594,0.0411240575736806,0.07692307692307691
level 20,8.0,0.43564356435643564,0.030492030492030493,0.05699481865284974
level 20,9.0,0.6386138613861386,0.044072429108302016,0.08245445829338446
level 20,10.0,0.599009900990099,0.04145255224391915,0.0775392502403076
level 20,11.0,0.5594059405940595,0.03881827550669873,0.07259877931256024
level 20,12.0,0.40594059405940597,0.02847222222222222,0.053212199870214145
level 20,13.0,0.6831683168316832,0.04700272479564033,0.08795411089866156
level 20,14.0,0.6435643564356436,0.04439890710382514,0.0830670926517572
level 20,15.0,0.6039603960396039,0.04178082191780822,0.07815502882767457
level 20,16.0,0.47029702970297027,0.032837884548911164,0.06138933764135703
level 20,17.0,0.6287128712871287,0.04341880341880342,0.08122801407099456
level 20,18.0,0.5891089108910891,0.0407953376756942,0.07630650849631292
level 20,19.0,0.5544554455445545,0.03848797250859107,0.07197943444730077
level 20,20.0,0.4603960396039604,0.03216879972327914,0.06013579049466537
level 21,0.0,0.9157894736842105,0.058310991957104555,0.10964083175803402
level 21,1.0,0.7473684210526316,0.048102981029810296,0.09038828771483133
level 21,2.0,0.6368421052631579,0.04128283862163084,0.07753925024030758
level 21,3.0,0.5842105263157895,0.038000684697021565,0.07135969141755062
level 21,4.0,0.4263157894736842,0.028017986855759253,0.05258033106134372
level 21,5.0,0.6421052631578947,0.04160982264665757,0.07815502882767457
level 21,6.0,0.5947368421052631,0.0386589120766336,0.07259877931256023
level 21,7.0,0.5789473684210527,0.03767123287671233,0.07073954983922828
level 21,8.0,0.41578947368421054,0.027345102111457253,0.05131536213056188
level 21,9.0,0.6421052631578947,0.04160982264665757,0.07815502882767457
level 21,10.0,0.5947368421052631,0.0386589120766336,0.07259877931256023
level 21,11.0,0.5421052631578948,0.03535873669756265,0.0663873670641315
level 21,12.0,0.4105263157894737,0.027008310249307478,0.050682261208576995
level 21,13.0,0.6894736842105263,0.04454267256035362,0.08367933567550304
level 21,14.0,0.6368421052631579,0.04128283862163084,0.07753925024030758
level 21,15.0,0.6052631578947368,0.039316239316239315,0.07383627608346709
level 21,16.0,0.5,0.03270223752151463,0.061389337641357025
level 21,17.0,0.6473684210526316,0.041936583702693486,0.0787704130643612
level 21,18.0,0.6105263157894737,0.039644565960355434,0.07445442875481385
level 21,19.0,0.5789473684210527,0.03767123287671233,0.07073954983922828
level 21,20.0,0.4789473684210526,0.03136849362288866,0.05888062115820123
